source,target,relation_detail,weight,source_name,source_bio,target_name,target_bio
0,1,family,4,Regulus Arcturus Black,Brother of Sirius. Used to be a Death Eater but defected.,Sirius Black,Best friend of James Potter and godfather of Harry.
0,25,family,4,Regulus Arcturus Black,Brother of Sirius. Used to be a Death Eater but defected.,Bellatrix Lestrange,Death Eater who was killed by Molly Weasley.
0,45,family,4,Regulus Arcturus Black,Brother of Sirius. Used to be a Death Eater but defected.,Lord Voldemort,The antagonist of the series who murdered many.
1,0,family,4,Sirius Black,Best friend of James Potter and godfather of Harry.,Regulus Arcturus Black,Brother of Sirius. Used to be a Death Eater but defected.
1,11,family,4,Sirius Black,Best friend of James Potter and godfather of Harry.,Albus Dumbledore,Headmaster of Hogwards killed by Snape.
1,21,family,4,Sirius Black,Best friend of James Potter and godfather of Harry.,Hermione Granger,One of Harry's best friend and marries Ron Weasley.
1,25,family,4,Sirius Black,Best friend of James Potter and godfather of Harry.,Bellatrix Lestrange,Death Eater who was killed by Molly Weasley.
1,31,family,4,Sirius Black,Best friend of James Potter and godfather of Harry.,Remus Lupin,Friend of James Potter and werewolf. He married Nymphadora.
1,33,family,4,Sirius Black,Best friend of James Potter and godfather of Harry.,Lucius Malfoy,Father of Draco and influential Death-Eater.
1,34,family,4,Sirius Black,Best friend of James Potter and godfather of Harry.,Narcissa Malfoy,Mother of Draco and sister of Bellatrix.
1,36,family,4,Sirius Black,Best friend of James Potter and godfather of Harry.,Minerva McGonagall,Professor of Transfiguration and head of Gryffindor.
1,37,family,4,Sirius Black,Best friend of James Potter and godfather of Harry.,"Alastor ""Mad-Eye"" Moody",Retired auror and member of the order of the Phoenix. Killed by Voldemort.
1,38,family,4,Sirius Black,Best friend of James Potter and godfather of Harry.,Peter Pettigrew,Betrays James and Lily Potter. Follower of Voldemort.
1,39,family,4,Sirius Black,Best friend of James Potter and godfather of Harry.,Harry Potter,The boy who lived. Main character of the series.
1,40,family,4,Sirius Black,Best friend of James Potter and godfather of Harry.,James Potter,Father of Harry. Murdered by Voldemort.
1,41,family,4,Sirius Black,Best friend of James Potter and godfather of Harry.,Lily Potter,Mother of Harry. Murdered by Voldemort.
1,45,family,4,Sirius Black,Best friend of James Potter and godfather of Harry.,Lord Voldemort,The antagonist of the series who murdered many.
1,47,family,4,Sirius Black,Best friend of James Potter and godfather of Harry.,Severus Snape,Head of the Slytherin house and saved Harry in many occasions.
1,48,family,4,Sirius Black,Best friend of James Potter and godfather of Harry.,Nymphadora Tonks,Married Remus Lupin and was killed by Bellatrix.
1,50,family,4,Sirius Black,Best friend of James Potter and godfather of Harry.,Arthur Weasley,Father of the Weasleys and member of the Order of the Phoenix.
1,53,family,4,Sirius Black,Best friend of James Potter and godfather of Harry.,Fred Weasley,Identical twin with George and co-owner of Weasleys' Wizard Wheezes
1,54,family,4,Sirius Black,Best friend of James Potter and godfather of Harry.,George Weasley,Identical twin with Fred and co-owner of Weasleys' Wizard Wheezes
1,55,family,4,Sirius Black,Best friend of James Potter and godfather of Harry.,Ginny Weasley,Marries Harry Potter and only daughter of Molly and Arthur.
1,58,family,4,Sirius Black,Best friend of James Potter and godfather of Harry.,Ron Weasley,Harry's best friend. Marries Hermione.
2,21,enmity,3,Lavender Brown,Killed by a werewolf. She was a gryffindor student who dated Ron. ,Hermione Granger,One of Harry's best friend and marries Ron Weasley.
2,28,friendship,2,Lavender Brown,Killed by a werewolf. She was a gryffindor student who dated Ron. ,Neville Longbottom,Gryffindor student who was a member of Dumbledore's army.
2,58,friendship,2,Lavender Brown,Killed by a werewolf. She was a gryffindor student who dated Ron. ,Ron Weasley,Harry's best friend. Marries Hermione.
3,9,friendship,2,Cho Chang,Ravenclaw student who dated Cedric Diggory and Harry Potter.,Cedric Diggory,Participated in the Triwizard tournament and got killed by Voldemort.
3,16,friendship,2,Cho Chang,Ravenclaw student who dated Cedric Diggory and Harry Potter.,Seamus Finnigan,Harry's friend and member of Dumbledore's army.
3,21,friendship,2,Cho Chang,Ravenclaw student who dated Cedric Diggory and Harry Potter.,Hermione Granger,One of Harry's best friend and marries Ron Weasley.
3,28,friendship,2,Cho Chang,Ravenclaw student who dated Cedric Diggory and Harry Potter.,Neville Longbottom,Gryffindor student who was a member of Dumbledore's army.
3,39,friendship,2,Cho Chang,Ravenclaw student who dated Cedric Diggory and Harry Potter.,Harry Potter,The boy who lived. Main character of the series.
3,45,enmity,3,Cho Chang,Ravenclaw student who dated Cedric Diggory and Harry Potter.,Lord Voldemort,The antagonist of the series who murdered many.
3,58,friendship,2,Cho Chang,Ravenclaw student who dated Cedric Diggory and Harry Potter.,Ron Weasley,Harry's best friend. Marries Hermione.
4,0,family,4,Vincent Crabbe Sr.,Father of Crabbe and death-eater who escaped Azkaban.,Regulus Arcturus Black,Brother of Sirius. Used to be a Death Eater but defected.
4,5,family,4,Vincent Crabbe Sr.,Father of Crabbe and death-eater who escaped Azkaban.,Vincent Crabbe,Slytherin student who was best friends with Goyle and followed Draco.
4,6,family,4,Vincent Crabbe Sr.,Father of Crabbe and death-eater who escaped Azkaban.,"Bartemius ""Barty"" Crouch Sr.",Head of the department of Internation Magical Cooperation. Killed by his son.
4,25,family,4,Vincent Crabbe Sr.,Father of Crabbe and death-eater who escaped Azkaban.,Bellatrix Lestrange,Death Eater who was killed by Molly Weasley.
4,33,family,4,Vincent Crabbe Sr.,Father of Crabbe and death-eater who escaped Azkaban.,Lucius Malfoy,Father of Draco and influential Death-Eater.
4,38,family,4,Vincent Crabbe Sr.,Father of Crabbe and death-eater who escaped Azkaban.,Peter Pettigrew,Betrays James and Lily Potter. Follower of Voldemort.
4,45,family,4,Vincent Crabbe Sr.,Father of Crabbe and death-eater who escaped Azkaban.,Lord Voldemort,The antagonist of the series who murdered many.
4,47,family,4,Vincent Crabbe Sr.,Father of Crabbe and death-eater who escaped Azkaban.,Severus Snape,Head of the Slytherin house and saved Harry in many occasions.
5,4,family,4,Vincent Crabbe,Slytherin student who was best friends with Goyle and followed Draco.,Vincent Crabbe Sr.,Father of Crabbe and death-eater who escaped Azkaban.
5,49,friendship,2,Vincent Crabbe,Slytherin student who was best friends with Goyle and followed Draco.,Dolores Janes Umbridge,Senior undersecretary to the Ministry of Magic. Eventually sent to Azkaban.
5,20,friendship,2,Vincent Crabbe,Slytherin student who was best friends with Goyle and followed Draco.,Gregory Goyle,Best friend of Crabbe. Slytherin student and dies by falling into Fiendfyre.
5,21,enmity,3,Vincent Crabbe,Slytherin student who was best friends with Goyle and followed Draco.,Hermione Granger,One of Harry's best friend and marries Ron Weasley.
5,32,friendship,2,Vincent Crabbe,Slytherin student who was best friends with Goyle and followed Draco.,Draco Malfoy,Slytherin student who had many arguments with Harry.
5,39,enmity,3,Vincent Crabbe,Slytherin student who was best friends with Goyle and followed Draco.,Harry Potter,The boy who lived. Main character of the series.
5,58,enmity,3,Vincent Crabbe,Slytherin student who was best friends with Goyle and followed Draco.,Ron Weasley,Harry's best friend. Marries Hermione.
6,4,family,4,"Bartemius ""Barty"" Crouch Sr.",Head of the department of Internation Magical Cooperation. Killed by his son.,Vincent Crabbe Sr.,Father of Crabbe and death-eater who escaped Azkaban.
6,7,family,4,"Bartemius ""Barty"" Crouch Sr.",Head of the department of Internation Magical Cooperation. Killed by his son.,"Bartemius ""Barty"" Crouch Jr.",Death Eater who impersonated Alastor Moody.
6,23,family,4,"Bartemius ""Barty"" Crouch Sr.",Head of the department of Internation Magical Cooperation. Killed by his son.,Igor Karkaroff,Highmaster of Durmstrang and reformed death-eater.
6,57,family,4,"Bartemius ""Barty"" Crouch Sr.",Head of the department of Internation Magical Cooperation. Killed by his son.,Percy Weasley,Third son of Arthur and Molly. He is a Gryffindor prefect.
7,6,family,4,"Bartemius ""Barty"" Crouch Jr.",Death Eater who impersonated Alastor Moody.,"Bartemius ""Barty"" Crouch Sr.",Head of the department of Internation Magical Cooperation. Killed by his son.
7,21,family,4,"Bartemius ""Barty"" Crouch Jr.",Death Eater who impersonated Alastor Moody.,Hermione Granger,One of Harry's best friend and marries Ron Weasley.
7,28,family,4,"Bartemius ""Barty"" Crouch Jr.",Death Eater who impersonated Alastor Moody.,Neville Longbottom,Gryffindor student who was a member of Dumbledore's army.
7,36,family,4,"Bartemius ""Barty"" Crouch Jr.",Death Eater who impersonated Alastor Moody.,Minerva McGonagall,Professor of Transfiguration and head of Gryffindor.
7,37,family,4,"Bartemius ""Barty"" Crouch Jr.",Death Eater who impersonated Alastor Moody.,"Alastor ""Mad-Eye"" Moody",Retired auror and member of the order of the Phoenix. Killed by Voldemort.
7,39,family,4,"Bartemius ""Barty"" Crouch Jr.",Death Eater who impersonated Alastor Moody.,Harry Potter,The boy who lived. Main character of the series.
7,45,family,4,"Bartemius ""Barty"" Crouch Jr.",Death Eater who impersonated Alastor Moody.,Lord Voldemort,The antagonist of the series who murdered many.
7,47,family,4,"Bartemius ""Barty"" Crouch Jr.",Death Eater who impersonated Alastor Moody.,Severus Snape,Head of the Slytherin house and saved Harry in many occasions.
7,38,family,4,"Bartemius ""Barty"" Crouch Jr.",Death Eater who impersonated Alastor Moody.,Peter Pettigrew,Betrays James and Lily Potter. Follower of Voldemort.
8,21,friendship,2,Fleur Delacour,Participated in the Triwizard tournament and married Bill Weasley.,Hermione Granger,One of Harry's best friend and marries Ron Weasley.
8,25,enmity,3,Fleur Delacour,Participated in the Triwizard tournament and married Bill Weasley.,Bellatrix Lestrange,Death Eater who was killed by Molly Weasley.
8,28,friendship,2,Fleur Delacour,Participated in the Triwizard tournament and married Bill Weasley.,Neville Longbottom,Gryffindor student who was a member of Dumbledore's army.
8,37,friendship,2,Fleur Delacour,Participated in the Triwizard tournament and married Bill Weasley.,"Alastor ""Mad-Eye"" Moody",Retired auror and member of the order of the Phoenix. Killed by Voldemort.
8,39,friendship,2,Fleur Delacour,Participated in the Triwizard tournament and married Bill Weasley.,Harry Potter,The boy who lived. Main character of the series.
8,51,family,4,Fleur Delacour,Participated in the Triwizard tournament and married Bill Weasley.,Bill Weasley,Oldest son of Arthur and Molly. Husband of Fleur. 
8,55,family,4,Fleur Delacour,Participated in the Triwizard tournament and married Bill Weasley.,Ginny Weasley,Marries Harry Potter and only daughter of Molly and Arthur.
8,56,family,4,Fleur Delacour,Participated in the Triwizard tournament and married Bill Weasley.,Molly Weasley,Wife of Arthur and mother of the Weasleys. Kills Bellatrix.
8,58,friendship,2,Fleur Delacour,Participated in the Triwizard tournament and married Bill Weasley.,Ron Weasley,Harry's best friend. Marries Hermione.
9,3,friendship,2,Cedric Diggory,Participated in the Triwizard tournament and got killed by Voldemort.,Cho Chang,Ravenclaw student who dated Cedric Diggory and Harry Potter.
9,39,friendship,2,Cedric Diggory,Participated in the Triwizard tournament and got killed by Voldemort.,Harry Potter,The boy who lived. Main character of the series.
9,45,enmity,3,Cedric Diggory,Participated in the Triwizard tournament and got killed by Voldemort.,Lord Voldemort,The antagonist of the series who murdered many.
10,11,family,4,Alberforth Dumbledore,Albus' brother and owner of Hog's Head.,Albus Dumbledore,Headmaster of Hogwards killed by Snape.
10,21,family,4,Alberforth Dumbledore,Albus' brother and owner of Hog's Head.,Hermione Granger,One of Harry's best friend and marries Ron Weasley.
10,39,family,4,Alberforth Dumbledore,Albus' brother and owner of Hog's Head.,Harry Potter,The boy who lived. Main character of the series.
10,58,family,4,Alberforth Dumbledore,Albus' brother and owner of Hog's Head.,Ron Weasley,Harry's best friend. Marries Hermione.
10,59,family,4,Alberforth Dumbledore,Albus' brother and owner of Hog's Head.,Dobby,House elf and friend of Harry. He is killed by Bellatrix.
11,1,family,4,Albus Dumbledore,Headmaster of Hogwards killed by Snape.,Sirius Black,Best friend of James Potter and godfather of Harry.
11,10,family,4,Albus Dumbledore,Headmaster of Hogwards killed by Snape.,Alberforth Dumbledore,Albus' brother and owner of Hog's Head.
11,13,family,4,Albus Dumbledore,Headmaster of Hogwards killed by Snape.,Petunia Dursley,Harry's aunt and sister of Lily.
11,14,enmity,3,Albus Dumbledore,Headmaster of Hogwards killed by Snape.,Vernon Dursley,Harry's muggle uncle.
11,21,friendship,2,Albus Dumbledore,Headmaster of Hogwards killed by Snape.,Hermione Granger,One of Harry's best friend and marries Ron Weasley.
11,22,friendship,2,Albus Dumbledore,Headmaster of Hogwards killed by Snape.,Rubeus Hagrid,Half-giant who loves Harry. He was the keeper of Keys and Grounds at Hogwards.
11,25,enmity,3,Albus Dumbledore,Headmaster of Hogwards killed by Snape.,Bellatrix Lestrange,Death Eater who was killed by Molly Weasley.
11,31,friendship,2,Albus Dumbledore,Headmaster of Hogwards killed by Snape.,Remus Lupin,Friend of James Potter and werewolf. He married Nymphadora.
11,36,friendship,2,Albus Dumbledore,Headmaster of Hogwards killed by Snape.,Minerva McGonagall,Professor of Transfiguration and head of Gryffindor.
11,36,friendship,2,Albus Dumbledore,Headmaster of Hogwards killed by Snape.,Minerva McGonagall,Professor of Transfiguration and head of Gryffindor.
11,37,friendship,2,Albus Dumbledore,Headmaster of Hogwards killed by Snape.,"Alastor ""Mad-Eye"" Moody",Retired auror and member of the order of the Phoenix. Killed by Voldemort.
11,38,enmity,3,Albus Dumbledore,Headmaster of Hogwards killed by Snape.,Peter Pettigrew,Betrays James and Lily Potter. Follower of Voldemort.
11,39,friendship,2,Albus Dumbledore,Headmaster of Hogwards killed by Snape.,Harry Potter,The boy who lived. Main character of the series.
11,40,family,4,Albus Dumbledore,Headmaster of Hogwards killed by Snape.,James Potter,Father of Harry. Murdered by Voldemort.
11,41,family,4,Albus Dumbledore,Headmaster of Hogwards killed by Snape.,Lily Potter,Mother of Harry. Murdered by Voldemort.
11,42,enmity,3,Albus Dumbledore,Headmaster of Hogwards killed by Snape.,Quirinus Quirrell,Possessed by Voldemort. Defence against the Dark Arts professor.
11,45,enmity,3,Albus Dumbledore,Headmaster of Hogwards killed by Snape.,Lord Voldemort,The antagonist of the series who murdered many.
11,46,enmity,3,Albus Dumbledore,Headmaster of Hogwards killed by Snape.,Rita Skeeter,Reporter at the Daily Prophet.
11,47,friendship,2,Albus Dumbledore,Headmaster of Hogwards killed by Snape.,Severus Snape,Head of the Slytherin house and saved Harry in many occasions.
11,49,enmity,3,Albus Dumbledore,Headmaster of Hogwards killed by Snape.,Dolores Janes Umbridge,Senior undersecretary to the Ministry of Magic. Eventually sent to Azkaban.
11,49,enmity,3,Albus Dumbledore,Headmaster of Hogwards killed by Snape.,Dolores Janes Umbridge,Senior undersecretary to the Ministry of Magic. Eventually sent to Azkaban.
11,50,family,4,Albus Dumbledore,Headmaster of Hogwards killed by Snape.,Arthur Weasley,Father of the Weasleys and member of the Order of the Phoenix.
11,51,family,4,Albus Dumbledore,Headmaster of Hogwards killed by Snape.,Bill Weasley,Oldest son of Arthur and Molly. Husband of Fleur. 
11,52,family,4,Albus Dumbledore,Headmaster of Hogwards killed by Snape.,Charlie Weasley,Second son of Arthur and Molly. Works with dragons in Romania.
11,53,friendship,2,Albus Dumbledore,Headmaster of Hogwards killed by Snape.,Fred Weasley,Identical twin with George and co-owner of Weasleys' Wizard Wheezes
11,54,friendship,2,Albus Dumbledore,Headmaster of Hogwards killed by Snape.,George Weasley,Identical twin with Fred and co-owner of Weasleys' Wizard Wheezes
11,55,family,4,Albus Dumbledore,Headmaster of Hogwards killed by Snape.,Ginny Weasley,Marries Harry Potter and only daughter of Molly and Arthur.
11,56,family,4,Albus Dumbledore,Headmaster of Hogwards killed by Snape.,Molly Weasley,Wife of Arthur and mother of the Weasleys. Kills Bellatrix.
11,57,family,4,Albus Dumbledore,Headmaster of Hogwards killed by Snape.,Percy Weasley,Third son of Arthur and Molly. He is a Gryffindor prefect.
11,58,friendship,2,Albus Dumbledore,Headmaster of Hogwards killed by Snape.,Ron Weasley,Harry's best friend. Marries Hermione.
12,14,family,4,Dudley Dursley,Muggle son of Vernon and Petunia and first-cousin of Harry.,Vernon Dursley,Harry's muggle uncle.
12,39,family,4,Dudley Dursley,Muggle son of Vernon and Petunia and first-cousin of Harry.,Harry Potter,The boy who lived. Main character of the series.
12,22,family,4,Dudley Dursley,Muggle son of Vernon and Petunia and first-cousin of Harry.,Rubeus Hagrid,Half-giant who loves Harry. He was the keeper of Keys and Grounds at Hogwards.
13,11,family,4,Petunia Dursley,Harry's aunt and sister of Lily.,Albus Dumbledore,Headmaster of Hogwards killed by Snape.
13,12,family,4,Petunia Dursley,Harry's aunt and sister of Lily.,Dudley Dursley,Muggle son of Vernon and Petunia and first-cousin of Harry.
13,39,family,4,Petunia Dursley,Harry's aunt and sister of Lily.,Harry Potter,The boy who lived. Main character of the series.
13,41,family,4,Petunia Dursley,Harry's aunt and sister of Lily.,Lily Potter,Mother of Harry. Murdered by Voldemort.
14,11,enmity,3,Vernon Dursley,Harry's muggle uncle.,Albus Dumbledore,Headmaster of Hogwards killed by Snape.
14,12,family,4,Vernon Dursley,Harry's muggle uncle.,Dudley Dursley,Muggle son of Vernon and Petunia and first-cousin of Harry.
14,13,family,4,Vernon Dursley,Harry's muggle uncle.,Petunia Dursley,Harry's aunt and sister of Lily.
14,39,enmity,3,Vernon Dursley,Harry's muggle uncle.,Harry Potter,The boy who lived. Main character of the series.
15,1,family,4,Argus Filch,Squib caretake of Hogwards.,Sirius Black,Best friend of James Potter and godfather of Harry.
15,11,friendship,2,Argus Filch,Squib caretake of Hogwards.,Albus Dumbledore,Headmaster of Hogwards killed by Snape.
15,22,enmity,3,Argus Filch,Squib caretake of Hogwards.,Rubeus Hagrid,Half-giant who loves Harry. He was the keeper of Keys and Grounds at Hogwards.
15,36,enmity,3,Argus Filch,Squib caretake of Hogwards.,Minerva McGonagall,Professor of Transfiguration and head of Gryffindor.
15,38,enmity,3,Argus Filch,Squib caretake of Hogwards.,Peter Pettigrew,Betrays James and Lily Potter. Follower of Voldemort.
15,39,enmity,3,Argus Filch,Squib caretake of Hogwards.,Harry Potter,The boy who lived. Main character of the series.
15,40,family,4,Argus Filch,Squib caretake of Hogwards.,James Potter,Father of Harry. Murdered by Voldemort.
15,47,friendship,2,Argus Filch,Squib caretake of Hogwards.,Severus Snape,Head of the Slytherin house and saved Harry in many occasions.
15,49,friendship,2,Argus Filch,Squib caretake of Hogwards.,Dolores Janes Umbridge,Senior undersecretary to the Ministry of Magic. Eventually sent to Azkaban.
15,53,enmity,3,Argus Filch,Squib caretake of Hogwards.,Fred Weasley,Identical twin with George and co-owner of Weasleys' Wizard Wheezes
15,54,enmity,3,Argus Filch,Squib caretake of Hogwards.,George Weasley,Identical twin with Fred and co-owner of Weasleys' Wizard Wheezes
16,2,friendship,2,Seamus Finnigan,Harry's friend and member of Dumbledore's army.,Lavender Brown,Killed by a werewolf. She was a gryffindor student who dated Ron. 
16,3,friendship,2,Seamus Finnigan,Harry's friend and member of Dumbledore's army.,Cho Chang,Ravenclaw student who dated Cedric Diggory and Harry Potter.
16,21,friendship,2,Seamus Finnigan,Harry's friend and member of Dumbledore's army.,Hermione Granger,One of Harry's best friend and marries Ron Weasley.
16,28,friendship,2,Seamus Finnigan,Harry's friend and member of Dumbledore's army.,Neville Longbottom,Gryffindor student who was a member of Dumbledore's army.
16,29,friendship,2,Seamus Finnigan,Harry's friend and member of Dumbledore's army.,Luna Lovegood,Ravenclaw student who was a member of Dumbledore's army.
16,39,friendship,2,Seamus Finnigan,Harry's friend and member of Dumbledore's army.,Harry Potter,The boy who lived. Main character of the series.
16,55,family,4,Seamus Finnigan,Harry's friend and member of Dumbledore's army.,Ginny Weasley,Marries Harry Potter and only daughter of Molly and Arthur.
16,58,friendship,2,Seamus Finnigan,Harry's friend and member of Dumbledore's army.,Ron Weasley,Harry's best friend. Marries Hermione.
17,11,friendship,2,Nicolas Flamel,Creator of the Philosopher's Stone.,Albus Dumbledore,Headmaster of Hogwards killed by Snape.
18,11,enmity,3,Cornelius Fudge,Minister of Magic that was forced to resign.,Albus Dumbledore,Headmaster of Hogwards killed by Snape.
18,33,family,4,Cornelius Fudge,Minister of Magic that was forced to resign.,Lucius Malfoy,Father of Draco and influential Death-Eater.
18,39,enmity,3,Cornelius Fudge,Minister of Magic that was forced to resign.,Harry Potter,The boy who lived. Main character of the series.
18,49,friendship,2,Cornelius Fudge,Minister of Magic that was forced to resign.,Dolores Janes Umbridge,Senior undersecretary to the Ministry of Magic. Eventually sent to Azkaban.
18,50,family,4,Cornelius Fudge,Minister of Magic that was forced to resign.,Arthur Weasley,Father of the Weasleys and member of the Order of the Phoenix.
18,57,family,4,Cornelius Fudge,Minister of Magic that was forced to resign.,Percy Weasley,Third son of Arthur and Molly. He is a Gryffindor prefect.
19,4,family,4,Goyle Sr.,Death Eater and father of Gregory Goyle.,Vincent Crabbe Sr.,Father of Crabbe and death-eater who escaped Azkaban.
19,20,family,4,Goyle Sr.,Death Eater and father of Gregory Goyle.,Gregory Goyle,Best friend of Crabbe. Slytherin student and dies by falling into Fiendfyre.
19,45,family,4,Goyle Sr.,Death Eater and father of Gregory Goyle.,Lord Voldemort,The antagonist of the series who murdered many.
20,19,family,4,Gregory Goyle,Best friend of Crabbe. Slytherin student and dies by falling into Fiendfyre.,Goyle Sr.,Death Eater and father of Gregory Goyle.
20,5,friendship,2,Gregory Goyle,Best friend of Crabbe. Slytherin student and dies by falling into Fiendfyre.,Vincent Crabbe,Slytherin student who was best friends with Goyle and followed Draco.
20,32,friendship,2,Gregory Goyle,Best friend of Crabbe. Slytherin student and dies by falling into Fiendfyre.,Draco Malfoy,Slytherin student who had many arguments with Harry.
20,39,enmity,3,Gregory Goyle,Best friend of Crabbe. Slytherin student and dies by falling into Fiendfyre.,Harry Potter,The boy who lived. Main character of the series.
20,45,friendship,2,Gregory Goyle,Best friend of Crabbe. Slytherin student and dies by falling into Fiendfyre.,Lord Voldemort,The antagonist of the series who murdered many.
21,39,friendship,2,Hermione Granger,One of Harry's best friend and marries Ron Weasley.,Harry Potter,The boy who lived. Main character of the series.
21,58,friendship,2,Hermione Granger,One of Harry's best friend and marries Ron Weasley.,Ron Weasley,Harry's best friend. Marries Hermione.
21,54,friendship,2,Hermione Granger,One of Harry's best friend and marries Ron Weasley.,George Weasley,Identical twin with Fred and co-owner of Weasleys' Wizard Wheezes
21,56,family,4,Hermione Granger,One of Harry's best friend and marries Ron Weasley.,Molly Weasley,Wife of Arthur and mother of the Weasleys. Kills Bellatrix.
21,47,friendship,2,Hermione Granger,One of Harry's best friend and marries Ron Weasley.,Severus Snape,Head of the Slytherin house and saved Harry in many occasions.
21,29,friendship,2,Hermione Granger,One of Harry's best friend and marries Ron Weasley.,Luna Lovegood,Ravenclaw student who was a member of Dumbledore's army.
21,28,friendship,2,Hermione Granger,One of Harry's best friend and marries Ron Weasley.,Neville Longbottom,Gryffindor student who was a member of Dumbledore's army.
21,45,enmity,3,Hermione Granger,One of Harry's best friend and marries Ron Weasley.,Lord Voldemort,The antagonist of the series who murdered many.
21,38,enmity,3,Hermione Granger,One of Harry's best friend and marries Ron Weasley.,Peter Pettigrew,Betrays James and Lily Potter. Follower of Voldemort.
21,32,enmity,3,Hermione Granger,One of Harry's best friend and marries Ron Weasley.,Draco Malfoy,Slytherin student who had many arguments with Harry.
21,15,enmity,3,Hermione Granger,One of Harry's best friend and marries Ron Weasley.,Argus Filch,Squib caretake of Hogwards.
21,20,enmity,3,Hermione Granger,One of Harry's best friend and marries Ron Weasley.,Gregory Goyle,Best friend of Crabbe. Slytherin student and dies by falling into Fiendfyre.
22,45,enmity,3,Rubeus Hagrid,Half-giant who loves Harry. He was the keeper of Keys and Grounds at Hogwards.,Lord Voldemort,The antagonist of the series who murdered many.
22,60,friendship,2,Rubeus Hagrid,Half-giant who loves Harry. He was the keeper of Keys and Grounds at Hogwards.,Fluffy,Three-headed dog belonging to Rubeus Hagrid.
22,63,friendship,2,Rubeus Hagrid,Half-giant who loves Harry. He was the keeper of Keys and Grounds at Hogwards.,Aragog,Acromantula belonging to Rubeus Hagrid.
22,64,family,4,Rubeus Hagrid,Half-giant who loves Harry. He was the keeper of Keys and Grounds at Hogwards.,Grawp,Giant-half brother of Hagrid.
22,58,friendship,2,Rubeus Hagrid,Half-giant who loves Harry. He was the keeper of Keys and Grounds at Hogwards.,Ron Weasley,Harry's best friend. Marries Hermione.
22,21,friendship,2,Rubeus Hagrid,Half-giant who loves Harry. He was the keeper of Keys and Grounds at Hogwards.,Hermione Granger,One of Harry's best friend and marries Ron Weasley.
22,47,friendship,2,Rubeus Hagrid,Half-giant who loves Harry. He was the keeper of Keys and Grounds at Hogwards.,Severus Snape,Head of the Slytherin house and saved Harry in many occasions.
22,39,friendship,2,Rubeus Hagrid,Half-giant who loves Harry. He was the keeper of Keys and Grounds at Hogwards.,Harry Potter,The boy who lived. Main character of the series.
22,28,friendship,2,Rubeus Hagrid,Half-giant who loves Harry. He was the keeper of Keys and Grounds at Hogwards.,Neville Longbottom,Gryffindor student who was a member of Dumbledore's army.
22,35,friendship,2,Rubeus Hagrid,Half-giant who loves Harry. He was the keeper of Keys and Grounds at Hogwards.,Olympe Maxime,Half-giantess and headmistress of Beauxbatons.
22,36,friendship,2,Rubeus Hagrid,Half-giant who loves Harry. He was the keeper of Keys and Grounds at Hogwards.,Minerva McGonagall,Professor of Transfiguration and head of Gryffindor.
22,11,friendship,2,Rubeus Hagrid,Half-giant who loves Harry. He was the keeper of Keys and Grounds at Hogwards.,Albus Dumbledore,Headmaster of Hogwards killed by Snape.
23,45,enmity,3,Igor Karkaroff,Highmaster of Durmstrang and reformed death-eater.,Lord Voldemort,The antagonist of the series who murdered many.
23,24,friendship,2,Igor Karkaroff,Highmaster of Durmstrang and reformed death-eater.,Viktor Krum,Participant in the Triwizard tournament. Dated Hermione.
24,23,friendship,2,Viktor Krum,Participant in the Triwizard tournament. Dated Hermione.,Igor Karkaroff,Highmaster of Durmstrang and reformed death-eater.
24,39,friendship,2,Viktor Krum,Participant in the Triwizard tournament. Dated Hermione.,Harry Potter,The boy who lived. Main character of the series.
24,8,friendship,2,Viktor Krum,Participant in the Triwizard tournament. Dated Hermione.,Fleur Delacour,Participated in the Triwizard tournament and married Bill Weasley.
24,9,friendship,2,Viktor Krum,Participant in the Triwizard tournament. Dated Hermione.,Cedric Diggory,Participated in the Triwizard tournament and got killed by Voldemort.
24,21,friendship,2,Viktor Krum,Participant in the Triwizard tournament. Dated Hermione.,Hermione Granger,One of Harry's best friend and marries Ron Weasley.
25,45,friendship,2,Bellatrix Lestrange,Death Eater who was killed by Molly Weasley.,Lord Voldemort,The antagonist of the series who murdered many.
25,33,family,4,Bellatrix Lestrange,Death Eater who was killed by Molly Weasley.,Lucius Malfoy,Father of Draco and influential Death-Eater.
25,34,family,4,Bellatrix Lestrange,Death Eater who was killed by Molly Weasley.,Narcissa Malfoy,Mother of Draco and sister of Bellatrix.
25,1,family,4,Bellatrix Lestrange,Death Eater who was killed by Molly Weasley.,Sirius Black,Best friend of James Potter and godfather of Harry.
25,39,enmity,3,Bellatrix Lestrange,Death Eater who was killed by Molly Weasley.,Harry Potter,The boy who lived. Main character of the series.
25,48,enmity,3,Bellatrix Lestrange,Death Eater who was killed by Molly Weasley.,Nymphadora Tonks,Married Remus Lupin and was killed by Bellatrix.
25,56,family,4,Bellatrix Lestrange,Death Eater who was killed by Molly Weasley.,Molly Weasley,Wife of Arthur and mother of the Weasleys. Kills Bellatrix.
25,59,enmity,3,Bellatrix Lestrange,Death Eater who was killed by Molly Weasley.,Dobby,House elf and friend of Harry. He is killed by Bellatrix.
26,27,family,4,Alice Longbottom,Mother of Neville who was tortured by Bellatrix.,Frank Longbottom,Father of Neville who was tortured by Bellatrix.
26,27,family,4,Alice Longbottom,Mother of Neville who was tortured by Bellatrix.,Frank Longbottom,Father of Neville who was tortured by Bellatrix.
26,28,family,4,Alice Longbottom,Mother of Neville who was tortured by Bellatrix.,Neville Longbottom,Gryffindor student who was a member of Dumbledore's army.
27,26,family,4,Frank Longbottom,Father of Neville who was tortured by Bellatrix.,Alice Longbottom,Mother of Neville who was tortured by Bellatrix.
27,45,family,4,Frank Longbottom,Father of Neville who was tortured by Bellatrix.,Lord Voldemort,The antagonist of the series who murdered many.
27,28,family,4,Frank Longbottom,Father of Neville who was tortured by Bellatrix.,Neville Longbottom,Gryffindor student who was a member of Dumbledore's army.
28,39,friendship,2,Neville Longbottom,Gryffindor student who was a member of Dumbledore's army.,Harry Potter,The boy who lived. Main character of the series.
28,45,enmity,3,Neville Longbottom,Gryffindor student who was a member of Dumbledore's army.,Lord Voldemort,The antagonist of the series who murdered many.
28,21,friendship,2,Neville Longbottom,Gryffindor student who was a member of Dumbledore's army.,Hermione Granger,One of Harry's best friend and marries Ron Weasley.
28,58,friendship,2,Neville Longbottom,Gryffindor student who was a member of Dumbledore's army.,Ron Weasley,Harry's best friend. Marries Hermione.
28,29,friendship,2,Neville Longbottom,Gryffindor student who was a member of Dumbledore's army.,Luna Lovegood,Ravenclaw student who was a member of Dumbledore's army.
28,32,enmity,3,Neville Longbottom,Gryffindor student who was a member of Dumbledore's army.,Draco Malfoy,Slytherin student who had many arguments with Harry.
29,28,friendship,2,Luna Lovegood,Ravenclaw student who was a member of Dumbledore's army.,Neville Longbottom,Gryffindor student who was a member of Dumbledore's army.
29,39,friendship,2,Luna Lovegood,Ravenclaw student who was a member of Dumbledore's army.,Harry Potter,The boy who lived. Main character of the series.
29,21,friendship,2,Luna Lovegood,Ravenclaw student who was a member of Dumbledore's army.,Hermione Granger,One of Harry's best friend and marries Ron Weasley.
29,58,friendship,2,Luna Lovegood,Ravenclaw student who was a member of Dumbledore's army.,Ron Weasley,Harry's best friend. Marries Hermione.
30,29,family,4,Xenophilius Lovegood,Father of Luna and editor of The Quibbler.,Luna Lovegood,Ravenclaw student who was a member of Dumbledore's army.
31,38,enmity,3,Remus Lupin,Friend of James Potter and werewolf. He married Nymphadora.,Peter Pettigrew,Betrays James and Lily Potter. Follower of Voldemort.
31,45,enmity,3,Remus Lupin,Friend of James Potter and werewolf. He married Nymphadora.,Lord Voldemort,The antagonist of the series who murdered many.
31,40,family,4,Remus Lupin,Friend of James Potter and werewolf. He married Nymphadora.,James Potter,Father of Harry. Murdered by Voldemort.
31,1,family,4,Remus Lupin,Friend of James Potter and werewolf. He married Nymphadora.,Sirius Black,Best friend of James Potter and godfather of Harry.
31,48,friendship,2,Remus Lupin,Friend of James Potter and werewolf. He married Nymphadora.,Nymphadora Tonks,Married Remus Lupin and was killed by Bellatrix.
31,39,friendship,2,Remus Lupin,Friend of James Potter and werewolf. He married Nymphadora.,Harry Potter,The boy who lived. Main character of the series.
31,36,friendship,2,Remus Lupin,Friend of James Potter and werewolf. He married Nymphadora.,Minerva McGonagall,Professor of Transfiguration and head of Gryffindor.
32,5,friendship,2,Draco Malfoy,Slytherin student who had many arguments with Harry.,Vincent Crabbe,Slytherin student who was best friends with Goyle and followed Draco.
32,20,friendship,2,Draco Malfoy,Slytherin student who had many arguments with Harry.,Gregory Goyle,Best friend of Crabbe. Slytherin student and dies by falling into Fiendfyre.
32,33,family,4,Draco Malfoy,Slytherin student who had many arguments with Harry.,Lucius Malfoy,Father of Draco and influential Death-Eater.
32,34,family,4,Draco Malfoy,Slytherin student who had many arguments with Harry.,Narcissa Malfoy,Mother of Draco and sister of Bellatrix.
32,39,enmity,3,Draco Malfoy,Slytherin student who had many arguments with Harry.,Harry Potter,The boy who lived. Main character of the series.
32,21,enmity,3,Draco Malfoy,Slytherin student who had many arguments with Harry.,Hermione Granger,One of Harry's best friend and marries Ron Weasley.
32,58,enmity,3,Draco Malfoy,Slytherin student who had many arguments with Harry.,Ron Weasley,Harry's best friend. Marries Hermione.
33,32,family,4,Lucius Malfoy,Father of Draco and influential Death-Eater.,Draco Malfoy,Slytherin student who had many arguments with Harry.
33,34,family,4,Lucius Malfoy,Father of Draco and influential Death-Eater.,Narcissa Malfoy,Mother of Draco and sister of Bellatrix.
33,45,family,4,Lucius Malfoy,Father of Draco and influential Death-Eater.,Lord Voldemort,The antagonist of the series who murdered many.
33,39,family,4,Lucius Malfoy,Father of Draco and influential Death-Eater.,Harry Potter,The boy who lived. Main character of the series.
33,59,family,4,Lucius Malfoy,Father of Draco and influential Death-Eater.,Dobby,House elf and friend of Harry. He is killed by Bellatrix.
34,33,family,4,Narcissa Malfoy,Mother of Draco and sister of Bellatrix.,Lucius Malfoy,Father of Draco and influential Death-Eater.
34,45,family,4,Narcissa Malfoy,Mother of Draco and sister of Bellatrix.,Lord Voldemort,The antagonist of the series who murdered many.
34,25,family,4,Narcissa Malfoy,Mother of Draco and sister of Bellatrix.,Bellatrix Lestrange,Death Eater who was killed by Molly Weasley.
35,22,friendship,2,Olympe Maxime,Half-giantess and headmistress of Beauxbatons.,Rubeus Hagrid,Half-giant who loves Harry. He was the keeper of Keys and Grounds at Hogwards.
35,8,friendship,2,Olympe Maxime,Half-giantess and headmistress of Beauxbatons.,Fleur Delacour,Participated in the Triwizard tournament and married Bill Weasley.
35,11,friendship,2,Olympe Maxime,Half-giantess and headmistress of Beauxbatons.,Albus Dumbledore,Headmaster of Hogwards killed by Snape.
35,23,friendship,2,Olympe Maxime,Half-giantess and headmistress of Beauxbatons.,Igor Karkaroff,Highmaster of Durmstrang and reformed death-eater.
36,15,friendship,2,Minerva McGonagall,Professor of Transfiguration and head of Gryffindor.,Argus Filch,Squib caretake of Hogwards.
36,22,friendship,2,Minerva McGonagall,Professor of Transfiguration and head of Gryffindor.,Rubeus Hagrid,Half-giant who loves Harry. He was the keeper of Keys and Grounds at Hogwards.
36,49,enmity,3,Minerva McGonagall,Professor of Transfiguration and head of Gryffindor.,Dolores Janes Umbridge,Senior undersecretary to the Ministry of Magic. Eventually sent to Azkaban.
36,45,enmity,3,Minerva McGonagall,Professor of Transfiguration and head of Gryffindor.,Lord Voldemort,The antagonist of the series who murdered many.
36,11,friendship,2,Minerva McGonagall,Professor of Transfiguration and head of Gryffindor.,Albus Dumbledore,Headmaster of Hogwards killed by Snape.
36,39,friendship,2,Minerva McGonagall,Professor of Transfiguration and head of Gryffindor.,Harry Potter,The boy who lived. Main character of the series.
39,36,friendship,2,Harry Potter,The boy who lived. Main character of the series.,Minerva McGonagall,Professor of Transfiguration and head of Gryffindor.
36,21,friendship,2,Minerva McGonagall,Professor of Transfiguration and head of Gryffindor.,Hermione Granger,One of Harry's best friend and marries Ron Weasley.
21,36,friendship,2,Hermione Granger,One of Harry's best friend and marries Ron Weasley.,Minerva McGonagall,Professor of Transfiguration and head of Gryffindor.
36,58,friendship,2,Minerva McGonagall,Professor of Transfiguration and head of Gryffindor.,Ron Weasley,Harry's best friend. Marries Hermione.
58,36,friendship,2,Ron Weasley,Harry's best friend. Marries Hermione.,Minerva McGonagall,Professor of Transfiguration and head of Gryffindor.
36,45,enmity,3,Minerva McGonagall,Professor of Transfiguration and head of Gryffindor.,Lord Voldemort,The antagonist of the series who murdered many.
45,36,enmity,3,Lord Voldemort,The antagonist of the series who murdered many.,Minerva McGonagall,Professor of Transfiguration and head of Gryffindor.
36,11,friendship,2,Minerva McGonagall,Professor of Transfiguration and head of Gryffindor.,Albus Dumbledore,Headmaster of Hogwards killed by Snape.
11,36,friendship,2,Albus Dumbledore,Headmaster of Hogwards killed by Snape.,Minerva McGonagall,Professor of Transfiguration and head of Gryffindor.
37,39,friendship,2,"Alastor ""Mad-Eye"" Moody",Retired auror and member of the order of the Phoenix. Killed by Voldemort.,Harry Potter,The boy who lived. Main character of the series.
37,50,family,4,"Alastor ""Mad-Eye"" Moody",Retired auror and member of the order of the Phoenix. Killed by Voldemort.,Arthur Weasley,Father of the Weasleys and member of the Order of the Phoenix.
37,56,family,4,"Alastor ""Mad-Eye"" Moody",Retired auror and member of the order of the Phoenix. Killed by Voldemort.,Molly Weasley,Wife of Arthur and mother of the Weasleys. Kills Bellatrix.
39,37,friendship,2,Harry Potter,The boy who lived. Main character of the series.,"Alastor ""Mad-Eye"" Moody",Retired auror and member of the order of the Phoenix. Killed by Voldemort.
39,45,enmity,3,Harry Potter,The boy who lived. Main character of the series.,Lord Voldemort,The antagonist of the series who murdered many.
37,21,friendship,2,"Alastor ""Mad-Eye"" Moody",Retired auror and member of the order of the Phoenix. Killed by Voldemort.,Hermione Granger,One of Harry's best friend and marries Ron Weasley.
21,37,friendship,2,Hermione Granger,One of Harry's best friend and marries Ron Weasley.,"Alastor ""Mad-Eye"" Moody",Retired auror and member of the order of the Phoenix. Killed by Voldemort.
37,21,friendship,2,"Alastor ""Mad-Eye"" Moody",Retired auror and member of the order of the Phoenix. Killed by Voldemort.,Hermione Granger,One of Harry's best friend and marries Ron Weasley.
21,37,friendship,2,Hermione Granger,One of Harry's best friend and marries Ron Weasley.,"Alastor ""Mad-Eye"" Moody",Retired auror and member of the order of the Phoenix. Killed by Voldemort.
37,7,family,4,"Alastor ""Mad-Eye"" Moody",Retired auror and member of the order of the Phoenix. Killed by Voldemort.,"Bartemius ""Barty"" Crouch Jr.",Death Eater who impersonated Alastor Moody.
7,37,family,4,"Bartemius ""Barty"" Crouch Jr.",Death Eater who impersonated Alastor Moody.,"Alastor ""Mad-Eye"" Moody",Retired auror and member of the order of the Phoenix. Killed by Voldemort.
37,11,friendship,2,"Alastor ""Mad-Eye"" Moody",Retired auror and member of the order of the Phoenix. Killed by Voldemort.,Albus Dumbledore,Headmaster of Hogwards killed by Snape.
11,37,friendship,2,Albus Dumbledore,Headmaster of Hogwards killed by Snape.,"Alastor ""Mad-Eye"" Moody",Retired auror and member of the order of the Phoenix. Killed by Voldemort.
37,45,enmity,3,"Alastor ""Mad-Eye"" Moody",Retired auror and member of the order of the Phoenix. Killed by Voldemort.,Lord Voldemort,The antagonist of the series who murdered many.
45,37,enmity,3,Lord Voldemort,The antagonist of the series who murdered many.,"Alastor ""Mad-Eye"" Moody",Retired auror and member of the order of the Phoenix. Killed by Voldemort.
38,1,family,4,Peter Pettigrew,Betrays James and Lily Potter. Follower of Voldemort.,Sirius Black,Best friend of James Potter and godfather of Harry.
1,38,family,4,Sirius Black,Best friend of James Potter and godfather of Harry.,Peter Pettigrew,Betrays James and Lily Potter. Follower of Voldemort.
38,40,family,4,Peter Pettigrew,Betrays James and Lily Potter. Follower of Voldemort.,James Potter,Father of Harry. Murdered by Voldemort.
40,38,family,4,James Potter,Father of Harry. Murdered by Voldemort.,Peter Pettigrew,Betrays James and Lily Potter. Follower of Voldemort.
38,41,family,4,Peter Pettigrew,Betrays James and Lily Potter. Follower of Voldemort.,Lily Potter,Mother of Harry. Murdered by Voldemort.
41,38,family,4,Lily Potter,Mother of Harry. Murdered by Voldemort.,Peter Pettigrew,Betrays James and Lily Potter. Follower of Voldemort.
41,39,family,4,Lily Potter,Mother of Harry. Murdered by Voldemort.,Harry Potter,The boy who lived. Main character of the series.
38,45,friendship,2,Peter Pettigrew,Betrays James and Lily Potter. Follower of Voldemort.,Lord Voldemort,The antagonist of the series who murdered many.
45,38,friendship,2,Lord Voldemort,The antagonist of the series who murdered many.,Peter Pettigrew,Betrays James and Lily Potter. Follower of Voldemort.
38,39,enmity,3,Peter Pettigrew,Betrays James and Lily Potter. Follower of Voldemort.,Harry Potter,The boy who lived. Main character of the series.
39,38,enmity,3,Harry Potter,The boy who lived. Main character of the series.,Peter Pettigrew,Betrays James and Lily Potter. Follower of Voldemort.
40,39,family,4,James Potter,Father of Harry. Murdered by Voldemort.,Harry Potter,The boy who lived. Main character of the series.
39,40,family,4,Harry Potter,The boy who lived. Main character of the series.,James Potter,Father of Harry. Murdered by Voldemort.
40,31,family,4,James Potter,Father of Harry. Murdered by Voldemort.,Remus Lupin,Friend of James Potter and werewolf. He married Nymphadora.
31,40,family,4,Remus Lupin,Friend of James Potter and werewolf. He married Nymphadora.,James Potter,Father of Harry. Murdered by Voldemort.
40,1,family,4,James Potter,Father of Harry. Murdered by Voldemort.,Sirius Black,Best friend of James Potter and godfather of Harry.
1,40,family,4,Sirius Black,Best friend of James Potter and godfather of Harry.,James Potter,Father of Harry. Murdered by Voldemort.
40,38,family,4,James Potter,Father of Harry. Murdered by Voldemort.,Peter Pettigrew,Betrays James and Lily Potter. Follower of Voldemort.
38,40,family,4,Peter Pettigrew,Betrays James and Lily Potter. Follower of Voldemort.,James Potter,Father of Harry. Murdered by Voldemort.
40,45,family,4,James Potter,Father of Harry. Murdered by Voldemort.,Lord Voldemort,The antagonist of the series who murdered many.
45,40,family,4,Lord Voldemort,The antagonist of the series who murdered many.,James Potter,Father of Harry. Murdered by Voldemort.
40,41,family,4,James Potter,Father of Harry. Murdered by Voldemort.,Lily Potter,Mother of Harry. Murdered by Voldemort.
41,40,family,4,Lily Potter,Mother of Harry. Murdered by Voldemort.,James Potter,Father of Harry. Murdered by Voldemort.
41,45,family,4,Lily Potter,Mother of Harry. Murdered by Voldemort.,Lord Voldemort,The antagonist of the series who murdered many.
45,41,family,4,Lord Voldemort,The antagonist of the series who murdered many.,Lily Potter,Mother of Harry. Murdered by Voldemort.
41,47,family,4,Lily Potter,Mother of Harry. Murdered by Voldemort.,Severus Snape,Head of the Slytherin house and saved Harry in many occasions.
47,41,family,4,Severus Snape,Head of the Slytherin house and saved Harry in many occasions.,Lily Potter,Mother of Harry. Murdered by Voldemort.
42,39,enmity,3,Quirinus Quirrell,Possessed by Voldemort. Defence against the Dark Arts professor.,Harry Potter,The boy who lived. Main character of the series.
39,42,enmity,3,Harry Potter,The boy who lived. Main character of the series.,Quirinus Quirrell,Possessed by Voldemort. Defence against the Dark Arts professor.
42,21,enmity,3,Quirinus Quirrell,Possessed by Voldemort. Defence against the Dark Arts professor.,Hermione Granger,One of Harry's best friend and marries Ron Weasley.
21,42,enmity,3,Hermione Granger,One of Harry's best friend and marries Ron Weasley.,Quirinus Quirrell,Possessed by Voldemort. Defence against the Dark Arts professor.
42,21,enmity,3,Quirinus Quirrell,Possessed by Voldemort. Defence against the Dark Arts professor.,Hermione Granger,One of Harry's best friend and marries Ron Weasley.
21,42,enmity,3,Hermione Granger,One of Harry's best friend and marries Ron Weasley.,Quirinus Quirrell,Possessed by Voldemort. Defence against the Dark Arts professor.
42,11,enmity,3,Quirinus Quirrell,Possessed by Voldemort. Defence against the Dark Arts professor.,Albus Dumbledore,Headmaster of Hogwards killed by Snape.
11,42,enmity,3,Albus Dumbledore,Headmaster of Hogwards killed by Snape.,Quirinus Quirrell,Possessed by Voldemort. Defence against the Dark Arts professor.
42,45,enmity,3,Quirinus Quirrell,Possessed by Voldemort. Defence against the Dark Arts professor.,Lord Voldemort,The antagonist of the series who murdered many.
45,42,enmity,3,Lord Voldemort,The antagonist of the series who murdered many.,Quirinus Quirrell,Possessed by Voldemort. Defence against the Dark Arts professor.
43,45,family,4,Tom Riddle Sr.,Muggle father of Voldemort who was killed by him.,Lord Voldemort,The antagonist of the series who murdered many.
43,44,family,4,Tom Riddle Sr.,Muggle father of Voldemort who was killed by him.,Mary Riddle,Muggle mother of Voldemort who was killed by him.
44,43,family,4,Mary Riddle,Muggle mother of Voldemort who was killed by him.,Tom Riddle Sr.,Muggle father of Voldemort who was killed by him.
44,45,family,4,Mary Riddle,Muggle mother of Voldemort who was killed by him.,Lord Voldemort,The antagonist of the series who murdered many.
43,45,family,4,Tom Riddle Sr.,Muggle father of Voldemort who was killed by him.,Lord Voldemort,The antagonist of the series who murdered many.
45,43,family,4,Lord Voldemort,The antagonist of the series who murdered many.,Tom Riddle Sr.,Muggle father of Voldemort who was killed by him.
46,39,enmity,3,Rita Skeeter,Reporter at the Daily Prophet.,Harry Potter,The boy who lived. Main character of the series.
39,46,enmity,3,Harry Potter,The boy who lived. Main character of the series.,Rita Skeeter,Reporter at the Daily Prophet.
46,11,enmity,3,Rita Skeeter,Reporter at the Daily Prophet.,Albus Dumbledore,Headmaster of Hogwards killed by Snape.
11,46,enmity,3,Albus Dumbledore,Headmaster of Hogwards killed by Snape.,Rita Skeeter,Reporter at the Daily Prophet.
47,39,friendship,2,Severus Snape,Head of the Slytherin house and saved Harry in many occasions.,Harry Potter,The boy who lived. Main character of the series.
39,47,friendship,2,Harry Potter,The boy who lived. Main character of the series.,Severus Snape,Head of the Slytherin house and saved Harry in many occasions.
47,21,friendship,2,Severus Snape,Head of the Slytherin house and saved Harry in many occasions.,Hermione Granger,One of Harry's best friend and marries Ron Weasley.
21,47,friendship,2,Hermione Granger,One of Harry's best friend and marries Ron Weasley.,Severus Snape,Head of the Slytherin house and saved Harry in many occasions.
47,21,friendship,2,Severus Snape,Head of the Slytherin house and saved Harry in many occasions.,Hermione Granger,One of Harry's best friend and marries Ron Weasley.
21,47,friendship,2,Hermione Granger,One of Harry's best friend and marries Ron Weasley.,Severus Snape,Head of the Slytherin house and saved Harry in many occasions.
42,11,friendship,2,Quirinus Quirrell,Possessed by Voldemort. Defence against the Dark Arts professor.,Albus Dumbledore,Headmaster of Hogwards killed by Snape.
11,42,friendship,2,Albus Dumbledore,Headmaster of Hogwards killed by Snape.,Quirinus Quirrell,Possessed by Voldemort. Defence against the Dark Arts professor.
47,41,family,4,Severus Snape,Head of the Slytherin house and saved Harry in many occasions.,Lily Potter,Mother of Harry. Murdered by Voldemort.
41,47,family,4,Lily Potter,Mother of Harry. Murdered by Voldemort.,Severus Snape,Head of the Slytherin house and saved Harry in many occasions.
47,45,enmity,3,Severus Snape,Head of the Slytherin house and saved Harry in many occasions.,Lord Voldemort,The antagonist of the series who murdered many.
45,47,enmity,3,Lord Voldemort,The antagonist of the series who murdered many.,Severus Snape,Head of the Slytherin house and saved Harry in many occasions.
48,31,friendship,2,Nymphadora Tonks,Married Remus Lupin and was killed by Bellatrix.,Remus Lupin,Friend of James Potter and werewolf. He married Nymphadora.
48,45,enmity,3,Nymphadora Tonks,Married Remus Lupin and was killed by Bellatrix.,Lord Voldemort,The antagonist of the series who murdered many.
31,48,friendship,2,Remus Lupin,Friend of James Potter and werewolf. He married Nymphadora.,Nymphadora Tonks,Married Remus Lupin and was killed by Bellatrix.
49,39,enmity,3,Dolores Janes Umbridge,Senior undersecretary to the Ministry of Magic. Eventually sent to Azkaban.,Harry Potter,The boy who lived. Main character of the series.
39,49,enmity,3,Harry Potter,The boy who lived. Main character of the series.,Dolores Janes Umbridge,Senior undersecretary to the Ministry of Magic. Eventually sent to Azkaban.
49,21,enmity,3,Dolores Janes Umbridge,Senior undersecretary to the Ministry of Magic. Eventually sent to Azkaban.,Hermione Granger,One of Harry's best friend and marries Ron Weasley.
21,49,enmity,3,Hermione Granger,One of Harry's best friend and marries Ron Weasley.,Dolores Janes Umbridge,Senior undersecretary to the Ministry of Magic. Eventually sent to Azkaban.
49,21,enmity,3,Dolores Janes Umbridge,Senior undersecretary to the Ministry of Magic. Eventually sent to Azkaban.,Hermione Granger,One of Harry's best friend and marries Ron Weasley.
21,49,enmity,3,Hermione Granger,One of Harry's best friend and marries Ron Weasley.,Dolores Janes Umbridge,Senior undersecretary to the Ministry of Magic. Eventually sent to Azkaban.
49,11,enmity,3,Dolores Janes Umbridge,Senior undersecretary to the Ministry of Magic. Eventually sent to Azkaban.,Albus Dumbledore,Headmaster of Hogwards killed by Snape.
11,49,enmity,3,Albus Dumbledore,Headmaster of Hogwards killed by Snape.,Dolores Janes Umbridge,Senior undersecretary to the Ministry of Magic. Eventually sent to Azkaban.
49,18,friendship,2,Dolores Janes Umbridge,Senior undersecretary to the Ministry of Magic. Eventually sent to Azkaban.,Cornelius Fudge,Minister of Magic that was forced to resign.
18,49,friendship,2,Cornelius Fudge,Minister of Magic that was forced to resign.,Dolores Janes Umbridge,Senior undersecretary to the Ministry of Magic. Eventually sent to Azkaban.
50,21,family,4,Arthur Weasley,Father of the Weasleys and member of the Order of the Phoenix.,Hermione Granger,One of Harry's best friend and marries Ron Weasley.
50,1,family,4,Arthur Weasley,Father of the Weasleys and member of the Order of the Phoenix.,Sirius Black,Best friend of James Potter and godfather of Harry.
50,11,family,4,Arthur Weasley,Father of the Weasleys and member of the Order of the Phoenix.,Albus Dumbledore,Headmaster of Hogwards killed by Snape.
50,33,family,4,Arthur Weasley,Father of the Weasleys and member of the Order of the Phoenix.,Lucius Malfoy,Father of Draco and influential Death-Eater.
50,39,family,4,Arthur Weasley,Father of the Weasleys and member of the Order of the Phoenix.,Harry Potter,The boy who lived. Main character of the series.
21,50,family,4,Hermione Granger,One of Harry's best friend and marries Ron Weasley.,Arthur Weasley,Father of the Weasleys and member of the Order of the Phoenix.
50,51,family,4,Arthur Weasley,Father of the Weasleys and member of the Order of the Phoenix.,Bill Weasley,Oldest son of Arthur and Molly. Husband of Fleur. 
51,50,family,4,Bill Weasley,Oldest son of Arthur and Molly. Husband of Fleur. ,Arthur Weasley,Father of the Weasleys and member of the Order of the Phoenix.
50,52,family,4,Arthur Weasley,Father of the Weasleys and member of the Order of the Phoenix.,Charlie Weasley,Second son of Arthur and Molly. Works with dragons in Romania.
52,50,family,4,Charlie Weasley,Second son of Arthur and Molly. Works with dragons in Romania.,Arthur Weasley,Father of the Weasleys and member of the Order of the Phoenix.
50,53,family,4,Arthur Weasley,Father of the Weasleys and member of the Order of the Phoenix.,Fred Weasley,Identical twin with George and co-owner of Weasleys' Wizard Wheezes
53,50,family,4,Fred Weasley,Identical twin with George and co-owner of Weasleys' Wizard Wheezes,Arthur Weasley,Father of the Weasleys and member of the Order of the Phoenix.
50,54,family,4,Arthur Weasley,Father of the Weasleys and member of the Order of the Phoenix.,George Weasley,Identical twin with Fred and co-owner of Weasleys' Wizard Wheezes
54,50,family,4,George Weasley,Identical twin with Fred and co-owner of Weasleys' Wizard Wheezes,Arthur Weasley,Father of the Weasleys and member of the Order of the Phoenix.
50,54,family,4,Arthur Weasley,Father of the Weasleys and member of the Order of the Phoenix.,George Weasley,Identical twin with Fred and co-owner of Weasleys' Wizard Wheezes
54,50,family,4,George Weasley,Identical twin with Fred and co-owner of Weasleys' Wizard Wheezes,Arthur Weasley,Father of the Weasleys and member of the Order of the Phoenix.
50,55,family,4,Arthur Weasley,Father of the Weasleys and member of the Order of the Phoenix.,Ginny Weasley,Marries Harry Potter and only daughter of Molly and Arthur.
55,50,family,4,Ginny Weasley,Marries Harry Potter and only daughter of Molly and Arthur.,Arthur Weasley,Father of the Weasleys and member of the Order of the Phoenix.
50,57,family,4,Arthur Weasley,Father of the Weasleys and member of the Order of the Phoenix.,Percy Weasley,Third son of Arthur and Molly. He is a Gryffindor prefect.
57,50,family,4,Percy Weasley,Third son of Arthur and Molly. He is a Gryffindor prefect.,Arthur Weasley,Father of the Weasleys and member of the Order of the Phoenix.
51,39,family,4,Bill Weasley,Oldest son of Arthur and Molly. Husband of Fleur. ,Harry Potter,The boy who lived. Main character of the series.
51,45,family,4,Bill Weasley,Oldest son of Arthur and Molly. Husband of Fleur. ,Lord Voldemort,The antagonist of the series who murdered many.
51,21,family,4,Bill Weasley,Oldest son of Arthur and Molly. Husband of Fleur. ,Hermione Granger,One of Harry's best friend and marries Ron Weasley.
21,51,family,4,Hermione Granger,One of Harry's best friend and marries Ron Weasley.,Bill Weasley,Oldest son of Arthur and Molly. Husband of Fleur. 
50,51,family,4,Arthur Weasley,Father of the Weasleys and member of the Order of the Phoenix.,Bill Weasley,Oldest son of Arthur and Molly. Husband of Fleur. 
51,50,family,4,Bill Weasley,Oldest son of Arthur and Molly. Husband of Fleur. ,Arthur Weasley,Father of the Weasleys and member of the Order of the Phoenix.
51,52,family,4,Bill Weasley,Oldest son of Arthur and Molly. Husband of Fleur. ,Charlie Weasley,Second son of Arthur and Molly. Works with dragons in Romania.
52,51,family,4,Charlie Weasley,Second son of Arthur and Molly. Works with dragons in Romania.,Bill Weasley,Oldest son of Arthur and Molly. Husband of Fleur. 
51,53,family,4,Bill Weasley,Oldest son of Arthur and Molly. Husband of Fleur. ,Fred Weasley,Identical twin with George and co-owner of Weasleys' Wizard Wheezes
53,51,family,4,Fred Weasley,Identical twin with George and co-owner of Weasleys' Wizard Wheezes,Bill Weasley,Oldest son of Arthur and Molly. Husband of Fleur. 
51,54,family,4,Bill Weasley,Oldest son of Arthur and Molly. Husband of Fleur. ,George Weasley,Identical twin with Fred and co-owner of Weasleys' Wizard Wheezes
54,51,family,4,George Weasley,Identical twin with Fred and co-owner of Weasleys' Wizard Wheezes,Bill Weasley,Oldest son of Arthur and Molly. Husband of Fleur. 
51,54,family,4,Bill Weasley,Oldest son of Arthur and Molly. Husband of Fleur. ,George Weasley,Identical twin with Fred and co-owner of Weasleys' Wizard Wheezes
54,51,family,4,George Weasley,Identical twin with Fred and co-owner of Weasleys' Wizard Wheezes,Bill Weasley,Oldest son of Arthur and Molly. Husband of Fleur. 
51,55,family,4,Bill Weasley,Oldest son of Arthur and Molly. Husband of Fleur. ,Ginny Weasley,Marries Harry Potter and only daughter of Molly and Arthur.
55,51,family,4,Ginny Weasley,Marries Harry Potter and only daughter of Molly and Arthur.,Bill Weasley,Oldest son of Arthur and Molly. Husband of Fleur. 
51,57,family,4,Bill Weasley,Oldest son of Arthur and Molly. Husband of Fleur. ,Percy Weasley,Third son of Arthur and Molly. He is a Gryffindor prefect.
57,51,family,4,Percy Weasley,Third son of Arthur and Molly. He is a Gryffindor prefect.,Bill Weasley,Oldest son of Arthur and Molly. Husband of Fleur. 
52,21,family,4,Charlie Weasley,Second son of Arthur and Molly. Works with dragons in Romania.,Hermione Granger,One of Harry's best friend and marries Ron Weasley.
52,39,family,4,Charlie Weasley,Second son of Arthur and Molly. Works with dragons in Romania.,Harry Potter,The boy who lived. Main character of the series.
21,52,family,4,Hermione Granger,One of Harry's best friend and marries Ron Weasley.,Charlie Weasley,Second son of Arthur and Molly. Works with dragons in Romania.
50,52,family,4,Arthur Weasley,Father of the Weasleys and member of the Order of the Phoenix.,Charlie Weasley,Second son of Arthur and Molly. Works with dragons in Romania.
52,50,family,4,Charlie Weasley,Second son of Arthur and Molly. Works with dragons in Romania.,Arthur Weasley,Father of the Weasleys and member of the Order of the Phoenix.
52,53,family,4,Charlie Weasley,Second son of Arthur and Molly. Works with dragons in Romania.,Fred Weasley,Identical twin with George and co-owner of Weasleys' Wizard Wheezes
53,52,family,4,Fred Weasley,Identical twin with George and co-owner of Weasleys' Wizard Wheezes,Charlie Weasley,Second son of Arthur and Molly. Works with dragons in Romania.
52,54,family,4,Charlie Weasley,Second son of Arthur and Molly. Works with dragons in Romania.,George Weasley,Identical twin with Fred and co-owner of Weasleys' Wizard Wheezes
54,52,family,4,George Weasley,Identical twin with Fred and co-owner of Weasleys' Wizard Wheezes,Charlie Weasley,Second son of Arthur and Molly. Works with dragons in Romania.
52,54,family,4,Charlie Weasley,Second son of Arthur and Molly. Works with dragons in Romania.,George Weasley,Identical twin with Fred and co-owner of Weasleys' Wizard Wheezes
52,45,family,4,Charlie Weasley,Second son of Arthur and Molly. Works with dragons in Romania.,Lord Voldemort,The antagonist of the series who murdered many.
54,52,family,4,George Weasley,Identical twin with Fred and co-owner of Weasleys' Wizard Wheezes,Charlie Weasley,Second son of Arthur and Molly. Works with dragons in Romania.
52,55,family,4,Charlie Weasley,Second son of Arthur and Molly. Works with dragons in Romania.,Ginny Weasley,Marries Harry Potter and only daughter of Molly and Arthur.
55,52,family,4,Ginny Weasley,Marries Harry Potter and only daughter of Molly and Arthur.,Charlie Weasley,Second son of Arthur and Molly. Works with dragons in Romania.
52,57,family,4,Charlie Weasley,Second son of Arthur and Molly. Works with dragons in Romania.,Percy Weasley,Third son of Arthur and Molly. He is a Gryffindor prefect.
57,52,family,4,Percy Weasley,Third son of Arthur and Molly. He is a Gryffindor prefect.,Charlie Weasley,Second son of Arthur and Molly. Works with dragons in Romania.
53,21,friendship,2,Fred Weasley,Identical twin with George and co-owner of Weasleys' Wizard Wheezes,Hermione Granger,One of Harry's best friend and marries Ron Weasley.
53,31,friendship,2,Fred Weasley,Identical twin with George and co-owner of Weasleys' Wizard Wheezes,Remus Lupin,Friend of James Potter and werewolf. He married Nymphadora.
53,38,enmity,3,Fred Weasley,Identical twin with George and co-owner of Weasleys' Wizard Wheezes,Peter Pettigrew,Betrays James and Lily Potter. Follower of Voldemort.
53,39,friendship,2,Fred Weasley,Identical twin with George and co-owner of Weasleys' Wizard Wheezes,Harry Potter,The boy who lived. Main character of the series.
53,45,enmity,3,Fred Weasley,Identical twin with George and co-owner of Weasleys' Wizard Wheezes,Lord Voldemort,The antagonist of the series who murdered many.
53,47,friendship,2,Fred Weasley,Identical twin with George and co-owner of Weasleys' Wizard Wheezes,Severus Snape,Head of the Slytherin house and saved Harry in many occasions.
53,50,family,4,Fred Weasley,Identical twin with George and co-owner of Weasleys' Wizard Wheezes,Arthur Weasley,Father of the Weasleys and member of the Order of the Phoenix.
53,51,family,4,Fred Weasley,Identical twin with George and co-owner of Weasleys' Wizard Wheezes,Bill Weasley,Oldest son of Arthur and Molly. Husband of Fleur. 
53,52,family,4,Fred Weasley,Identical twin with George and co-owner of Weasleys' Wizard Wheezes,Charlie Weasley,Second son of Arthur and Molly. Works with dragons in Romania.
53,54,friendship,2,Fred Weasley,Identical twin with George and co-owner of Weasleys' Wizard Wheezes,George Weasley,Identical twin with Fred and co-owner of Weasleys' Wizard Wheezes
53,55,family,4,Fred Weasley,Identical twin with George and co-owner of Weasleys' Wizard Wheezes,Ginny Weasley,Marries Harry Potter and only daughter of Molly and Arthur.
53,56,family,4,Fred Weasley,Identical twin with George and co-owner of Weasleys' Wizard Wheezes,Molly Weasley,Wife of Arthur and mother of the Weasleys. Kills Bellatrix.
53,57,family,4,Fred Weasley,Identical twin with George and co-owner of Weasleys' Wizard Wheezes,Percy Weasley,Third son of Arthur and Molly. He is a Gryffindor prefect.
53,58,friendship,2,Fred Weasley,Identical twin with George and co-owner of Weasleys' Wizard Wheezes,Ron Weasley,Harry's best friend. Marries Hermione.
54,21,friendship,2,George Weasley,Identical twin with Fred and co-owner of Weasleys' Wizard Wheezes,Hermione Granger,One of Harry's best friend and marries Ron Weasley.
54,31,friendship,2,George Weasley,Identical twin with Fred and co-owner of Weasleys' Wizard Wheezes,Remus Lupin,Friend of James Potter and werewolf. He married Nymphadora.
54,38,enmity,3,George Weasley,Identical twin with Fred and co-owner of Weasleys' Wizard Wheezes,Peter Pettigrew,Betrays James and Lily Potter. Follower of Voldemort.
54,39,friendship,2,George Weasley,Identical twin with Fred and co-owner of Weasleys' Wizard Wheezes,Harry Potter,The boy who lived. Main character of the series.
54,45,enmity,3,George Weasley,Identical twin with Fred and co-owner of Weasleys' Wizard Wheezes,Lord Voldemort,The antagonist of the series who murdered many.
54,47,friendship,2,George Weasley,Identical twin with Fred and co-owner of Weasleys' Wizard Wheezes,Severus Snape,Head of the Slytherin house and saved Harry in many occasions.
54,50,family,4,George Weasley,Identical twin with Fred and co-owner of Weasleys' Wizard Wheezes,Arthur Weasley,Father of the Weasleys and member of the Order of the Phoenix.
54,51,family,4,George Weasley,Identical twin with Fred and co-owner of Weasleys' Wizard Wheezes,Bill Weasley,Oldest son of Arthur and Molly. Husband of Fleur. 
54,52,family,4,George Weasley,Identical twin with Fred and co-owner of Weasleys' Wizard Wheezes,Charlie Weasley,Second son of Arthur and Molly. Works with dragons in Romania.
54,53,friendship,2,George Weasley,Identical twin with Fred and co-owner of Weasleys' Wizard Wheezes,Fred Weasley,Identical twin with George and co-owner of Weasleys' Wizard Wheezes
54,55,family,4,George Weasley,Identical twin with Fred and co-owner of Weasleys' Wizard Wheezes,Ginny Weasley,Marries Harry Potter and only daughter of Molly and Arthur.
54,56,family,4,George Weasley,Identical twin with Fred and co-owner of Weasleys' Wizard Wheezes,Molly Weasley,Wife of Arthur and mother of the Weasleys. Kills Bellatrix.
54,57,family,4,George Weasley,Identical twin with Fred and co-owner of Weasleys' Wizard Wheezes,Percy Weasley,Third son of Arthur and Molly. He is a Gryffindor prefect.
54,58,friendship,2,George Weasley,Identical twin with Fred and co-owner of Weasleys' Wizard Wheezes,Ron Weasley,Harry's best friend. Marries Hermione.
55,21,family,4,Ginny Weasley,Marries Harry Potter and only daughter of Molly and Arthur.,Hermione Granger,One of Harry's best friend and marries Ron Weasley.
55,31,family,4,Ginny Weasley,Marries Harry Potter and only daughter of Molly and Arthur.,Remus Lupin,Friend of James Potter and werewolf. He married Nymphadora.
55,38,family,4,Ginny Weasley,Marries Harry Potter and only daughter of Molly and Arthur.,Peter Pettigrew,Betrays James and Lily Potter. Follower of Voldemort.
55,39,family,4,Ginny Weasley,Marries Harry Potter and only daughter of Molly and Arthur.,Harry Potter,The boy who lived. Main character of the series.
55,45,family,4,Ginny Weasley,Marries Harry Potter and only daughter of Molly and Arthur.,Lord Voldemort,The antagonist of the series who murdered many.
55,47,family,4,Ginny Weasley,Marries Harry Potter and only daughter of Molly and Arthur.,Severus Snape,Head of the Slytherin house and saved Harry in many occasions.
55,50,family,4,Ginny Weasley,Marries Harry Potter and only daughter of Molly and Arthur.,Arthur Weasley,Father of the Weasleys and member of the Order of the Phoenix.
55,51,family,4,Ginny Weasley,Marries Harry Potter and only daughter of Molly and Arthur.,Bill Weasley,Oldest son of Arthur and Molly. Husband of Fleur. 
55,52,family,4,Ginny Weasley,Marries Harry Potter and only daughter of Molly and Arthur.,Charlie Weasley,Second son of Arthur and Molly. Works with dragons in Romania.
55,54,family,4,Ginny Weasley,Marries Harry Potter and only daughter of Molly and Arthur.,George Weasley,Identical twin with Fred and co-owner of Weasleys' Wizard Wheezes
55,53,family,4,Ginny Weasley,Marries Harry Potter and only daughter of Molly and Arthur.,Fred Weasley,Identical twin with George and co-owner of Weasleys' Wizard Wheezes
55,56,family,4,Ginny Weasley,Marries Harry Potter and only daughter of Molly and Arthur.,Molly Weasley,Wife of Arthur and mother of the Weasleys. Kills Bellatrix.
55,57,family,4,Ginny Weasley,Marries Harry Potter and only daughter of Molly and Arthur.,Percy Weasley,Third son of Arthur and Molly. He is a Gryffindor prefect.
55,57,family,4,Ginny Weasley,Marries Harry Potter and only daughter of Molly and Arthur.,Percy Weasley,Third son of Arthur and Molly. He is a Gryffindor prefect.
55,58,family,4,Ginny Weasley,Marries Harry Potter and only daughter of Molly and Arthur.,Ron Weasley,Harry's best friend. Marries Hermione.
56,1,family,4,Molly Weasley,Wife of Arthur and mother of the Weasleys. Kills Bellatrix.,Sirius Black,Best friend of James Potter and godfather of Harry.
56,11,family,4,Molly Weasley,Wife of Arthur and mother of the Weasleys. Kills Bellatrix.,Albus Dumbledore,Headmaster of Hogwards killed by Snape.
56,21,family,4,Molly Weasley,Wife of Arthur and mother of the Weasleys. Kills Bellatrix.,Hermione Granger,One of Harry's best friend and marries Ron Weasley.
56,33,family,4,Molly Weasley,Wife of Arthur and mother of the Weasleys. Kills Bellatrix.,Lucius Malfoy,Father of Draco and influential Death-Eater.
56,39,family,4,Molly Weasley,Wife of Arthur and mother of the Weasleys. Kills Bellatrix.,Harry Potter,The boy who lived. Main character of the series.
56,45,family,4,Molly Weasley,Wife of Arthur and mother of the Weasleys. Kills Bellatrix.,Lord Voldemort,The antagonist of the series who murdered many.
56,50,family,4,Molly Weasley,Wife of Arthur and mother of the Weasleys. Kills Bellatrix.,Arthur Weasley,Father of the Weasleys and member of the Order of the Phoenix.
56,51,family,4,Molly Weasley,Wife of Arthur and mother of the Weasleys. Kills Bellatrix.,Bill Weasley,Oldest son of Arthur and Molly. Husband of Fleur. 
56,52,family,4,Molly Weasley,Wife of Arthur and mother of the Weasleys. Kills Bellatrix.,Charlie Weasley,Second son of Arthur and Molly. Works with dragons in Romania.
56,53,family,4,Molly Weasley,Wife of Arthur and mother of the Weasleys. Kills Bellatrix.,Fred Weasley,Identical twin with George and co-owner of Weasleys' Wizard Wheezes
56,54,family,4,Molly Weasley,Wife of Arthur and mother of the Weasleys. Kills Bellatrix.,George Weasley,Identical twin with Fred and co-owner of Weasleys' Wizard Wheezes
56,55,family,4,Molly Weasley,Wife of Arthur and mother of the Weasleys. Kills Bellatrix.,Ginny Weasley,Marries Harry Potter and only daughter of Molly and Arthur.
56,57,family,4,Molly Weasley,Wife of Arthur and mother of the Weasleys. Kills Bellatrix.,Percy Weasley,Third son of Arthur and Molly. He is a Gryffindor prefect.
56,58,family,4,Molly Weasley,Wife of Arthur and mother of the Weasleys. Kills Bellatrix.,Ron Weasley,Harry's best friend. Marries Hermione.
57,50,family,4,Percy Weasley,Third son of Arthur and Molly. He is a Gryffindor prefect.,Arthur Weasley,Father of the Weasleys and member of the Order of the Phoenix.
57,51,family,4,Percy Weasley,Third son of Arthur and Molly. He is a Gryffindor prefect.,Bill Weasley,Oldest son of Arthur and Molly. Husband of Fleur. 
57,52,family,4,Percy Weasley,Third son of Arthur and Molly. He is a Gryffindor prefect.,Charlie Weasley,Second son of Arthur and Molly. Works with dragons in Romania.
57,53,family,4,Percy Weasley,Third son of Arthur and Molly. He is a Gryffindor prefect.,Fred Weasley,Identical twin with George and co-owner of Weasleys' Wizard Wheezes
57,54,family,4,Percy Weasley,Third son of Arthur and Molly. He is a Gryffindor prefect.,George Weasley,Identical twin with Fred and co-owner of Weasleys' Wizard Wheezes
57,55,family,4,Percy Weasley,Third son of Arthur and Molly. He is a Gryffindor prefect.,Ginny Weasley,Marries Harry Potter and only daughter of Molly and Arthur.
57,56,family,4,Percy Weasley,Third son of Arthur and Molly. He is a Gryffindor prefect.,Molly Weasley,Wife of Arthur and mother of the Weasleys. Kills Bellatrix.
57,58,family,4,Percy Weasley,Third son of Arthur and Molly. He is a Gryffindor prefect.,Ron Weasley,Harry's best friend. Marries Hermione.
58,1,family,4,Ron Weasley,Harry's best friend. Marries Hermione.,Sirius Black,Best friend of James Potter and godfather of Harry.
58,8,friendship,2,Ron Weasley,Harry's best friend. Marries Hermione.,Fleur Delacour,Participated in the Triwizard tournament and married Bill Weasley.
58,11,friendship,2,Ron Weasley,Harry's best friend. Marries Hermione.,Albus Dumbledore,Headmaster of Hogwards killed by Snape.
58,15,enmity,3,Ron Weasley,Harry's best friend. Marries Hermione.,Argus Filch,Squib caretake of Hogwards.
58,16,friendship,2,Ron Weasley,Harry's best friend. Marries Hermione.,Seamus Finnigan,Harry's friend and member of Dumbledore's army.
58,20,enmity,3,Ron Weasley,Harry's best friend. Marries Hermione.,Gregory Goyle,Best friend of Crabbe. Slytherin student and dies by falling into Fiendfyre.
58,21,friendship,2,Ron Weasley,Harry's best friend. Marries Hermione.,Hermione Granger,One of Harry's best friend and marries Ron Weasley.
58,22,friendship,2,Ron Weasley,Harry's best friend. Marries Hermione.,Rubeus Hagrid,Half-giant who loves Harry. He was the keeper of Keys and Grounds at Hogwards.
58,25,enmity,3,Ron Weasley,Harry's best friend. Marries Hermione.,Bellatrix Lestrange,Death Eater who was killed by Molly Weasley.
58,28,friendship,2,Ron Weasley,Harry's best friend. Marries Hermione.,Neville Longbottom,Gryffindor student who was a member of Dumbledore's army.
58,29,friendship,2,Ron Weasley,Harry's best friend. Marries Hermione.,Luna Lovegood,Ravenclaw student who was a member of Dumbledore's army.
58,31,friendship,2,Ron Weasley,Harry's best friend. Marries Hermione.,Remus Lupin,Friend of James Potter and werewolf. He married Nymphadora.
58,32,enmity,3,Ron Weasley,Harry's best friend. Marries Hermione.,Draco Malfoy,Slytherin student who had many arguments with Harry.
58,33,family,4,Ron Weasley,Harry's best friend. Marries Hermione.,Lucius Malfoy,Father of Draco and influential Death-Eater.
58,36,friendship,2,Ron Weasley,Harry's best friend. Marries Hermione.,Minerva McGonagall,Professor of Transfiguration and head of Gryffindor.
58,37,friendship,2,Ron Weasley,Harry's best friend. Marries Hermione.,"Alastor ""Mad-Eye"" Moody",Retired auror and member of the order of the Phoenix. Killed by Voldemort.
58,38,enmity,3,Ron Weasley,Harry's best friend. Marries Hermione.,Peter Pettigrew,Betrays James and Lily Potter. Follower of Voldemort.
58,39,friendship,2,Ron Weasley,Harry's best friend. Marries Hermione.,Harry Potter,The boy who lived. Main character of the series.
58,45,enmity,3,Ron Weasley,Harry's best friend. Marries Hermione.,Lord Voldemort,The antagonist of the series who murdered many.
58,47,friendship,2,Ron Weasley,Harry's best friend. Marries Hermione.,Severus Snape,Head of the Slytherin house and saved Harry in many occasions.
58,49,enmity,3,Ron Weasley,Harry's best friend. Marries Hermione.,Dolores Janes Umbridge,Senior undersecretary to the Ministry of Magic. Eventually sent to Azkaban.
58,50,family,4,Ron Weasley,Harry's best friend. Marries Hermione.,Arthur Weasley,Father of the Weasleys and member of the Order of the Phoenix.
58,51,family,4,Ron Weasley,Harry's best friend. Marries Hermione.,Bill Weasley,Oldest son of Arthur and Molly. Husband of Fleur. 
58,52,family,4,Ron Weasley,Harry's best friend. Marries Hermione.,Charlie Weasley,Second son of Arthur and Molly. Works with dragons in Romania.
58,53,friendship,2,Ron Weasley,Harry's best friend. Marries Hermione.,Fred Weasley,Identical twin with George and co-owner of Weasleys' Wizard Wheezes
58,54,friendship,2,Ron Weasley,Harry's best friend. Marries Hermione.,George Weasley,Identical twin with Fred and co-owner of Weasleys' Wizard Wheezes
58,55,family,4,Ron Weasley,Harry's best friend. Marries Hermione.,Ginny Weasley,Marries Harry Potter and only daughter of Molly and Arthur.
58,56,family,4,Ron Weasley,Harry's best friend. Marries Hermione.,Molly Weasley,Wife of Arthur and mother of the Weasleys. Kills Bellatrix.
58,57,family,4,Ron Weasley,Harry's best friend. Marries Hermione.,Percy Weasley,Third son of Arthur and Molly. He is a Gryffindor prefect.
58,59,friendship,2,Ron Weasley,Harry's best friend. Marries Hermione.,Dobby,House elf and friend of Harry. He is killed by Bellatrix.
58,60,enmity,3,Ron Weasley,Harry's best friend. Marries Hermione.,Fluffy,Three-headed dog belonging to Rubeus Hagrid.
58,63,enmity,3,Ron Weasley,Harry's best friend. Marries Hermione.,Aragog,Acromantula belonging to Rubeus Hagrid.
58,64,family,4,Ron Weasley,Harry's best friend. Marries Hermione.,Grawp,Giant-half brother of Hagrid.
59,21,friendship,2,Dobby,House elf and friend of Harry. He is killed by Bellatrix.,Hermione Granger,One of Harry's best friend and marries Ron Weasley.
59,25,enmity,3,Dobby,House elf and friend of Harry. He is killed by Bellatrix.,Bellatrix Lestrange,Death Eater who was killed by Molly Weasley.
59,32,enmity,3,Dobby,House elf and friend of Harry. He is killed by Bellatrix.,Draco Malfoy,Slytherin student who had many arguments with Harry.
59,33,family,4,Dobby,House elf and friend of Harry. He is killed by Bellatrix.,Lucius Malfoy,Father of Draco and influential Death-Eater.
59,39,friendship,2,Dobby,House elf and friend of Harry. He is killed by Bellatrix.,Harry Potter,The boy who lived. Main character of the series.
59,58,friendship,2,Dobby,House elf and friend of Harry. He is killed by Bellatrix.,Ron Weasley,Harry's best friend. Marries Hermione.
60,21,enmity,3,Fluffy,Three-headed dog belonging to Rubeus Hagrid.,Hermione Granger,One of Harry's best friend and marries Ron Weasley.
60,22,friendship,2,Fluffy,Three-headed dog belonging to Rubeus Hagrid.,Rubeus Hagrid,Half-giant who loves Harry. He was the keeper of Keys and Grounds at Hogwards.
60,39,enmity,3,Fluffy,Three-headed dog belonging to Rubeus Hagrid.,Harry Potter,The boy who lived. Main character of the series.
60,58,enmity,3,Fluffy,Three-headed dog belonging to Rubeus Hagrid.,Ron Weasley,Harry's best friend. Marries Hermione.
61,39,friendship,2,Hedwig,Harry's owl.,Harry Potter,The boy who lived. Main character of the series.
62,39,friendship,2,Moaning Myrtle,Ghost at Hogwards.,Harry Potter,The boy who lived. Main character of the series.
63,21,enmity,3,Aragog,Acromantula belonging to Rubeus Hagrid.,Hermione Granger,One of Harry's best friend and marries Ron Weasley.
63,22,friendship,2,Aragog,Acromantula belonging to Rubeus Hagrid.,Rubeus Hagrid,Half-giant who loves Harry. He was the keeper of Keys and Grounds at Hogwards.
63,39,enmity,3,Aragog,Acromantula belonging to Rubeus Hagrid.,Harry Potter,The boy who lived. Main character of the series.
63,58,enmity,3,Aragog,Acromantula belonging to Rubeus Hagrid.,Ron Weasley,Harry's best friend. Marries Hermione.
64,21,family,4,Grawp,Giant-half brother of Hagrid.,Hermione Granger,One of Harry's best friend and marries Ron Weasley.
64,22,family,4,Grawp,Giant-half brother of Hagrid.,Rubeus Hagrid,Half-giant who loves Harry. He was the keeper of Keys and Grounds at Hogwards.
64,39,family,4,Grawp,Giant-half brother of Hagrid.,Harry Potter,The boy who lived. Main character of the series.
63,58,friendship,2,Aragog,Acromantula belonging to Rubeus Hagrid.,Ron Weasley,Harry's best friend. Marries Hermione.
